Name,Email
RE/MAX Campaigns,campaigns@remax-agency.com
Century 21 Marketing,marketing@century21-agency.com
Coldwell Banker Outreach,outreach@coldwellbanker-agency.com
Keller Williams Growth,growth@kellerwilliams-agency.com
JLL Business,business@jll-realestate.com
CBRE Promotions,promotions@cbre-agency.com
Cushman & Wakefield Marketing,marketing@cushmanwakefield-agency.com
Savills Campaigns,campaigns@savills-agency.com
Knight Frank Growth,growth@knightfrank-agency.com
Colliers Business,business@colliers-agency.com
